100.000000,100.000000,100.000000,100.000000,100.000000,100.000000,100.000000,100.000000,100.000000,100.000000,100.000000,100.000000,100.000000,100.000000,100.000000,100.000000,100.000000,100.000000,100.000000,100.000000,100.000000,100.000000,100.000000,100.000000,100.000000,100.000000,100.000000,100.000000,100.000000,100.000000,100.000000,100.000000,100.000000,100.000000,100.000000,100.000000,100.000000,100.000000,100.000000,100.000000,100.000000,100.000000,100.000000,100.000000,100.000000,100.000000,100.000000,100.000000,100.000000,100.000000,100.000000,100.000000,100.000000,100.000000,100.000000,100.000000,100.000000,100.000000,100.000000,100.000000,100.000000,100.000000,100.000000,100.000000
98.412698,98.412298,98.411898,98.411500,98.411105,98.410714,98.410328,98.409948,98.409575,98.409210,98.408853,98.408506,98.408169,98.407843,98.407530,98.407229,98.406942,98.406670,98.406412,98.406170,98.405944,98.405735,98.405543,98.405369,98.405214,98.405077,98.404958,98.404859,98.404780,98.404720,98.404680,98.404660,98.404660,98.404680,98.404720,98.404780,98.404859,98.404958,98.405077,98.405214,98.405369,98.405543,98.405735,98.405944,98.406170,98.406412,98.406670,98.406942,98.407229,98.407530,98.407843,98.408169,98.408506,98.408853,98.409210,98.409575,98.409948,98.410328,98.410714,98.411105,98.411500,98.411898,98.412298,98.412698
96.825397,96.824596,96.823798,96.823003,96.822214,96.821434,96.820663,96.819904,96.819158,96.818428,96.817716,96.817022,96.816349,96.815699,96.815073,96.814472,96.813899,96.813354,96.812840,96.812356,96.811905,96.811487,96.811104,96.810757,96.810446,96.810172,96.809936,96.809738,96.809580,96.809460,96.809381,96.809341,96.809341,96.809381,96.809460,96.809580,96.809738,96.809936,96.810172,96.810446,96.810757,96.811104,96.811487,96.811905,96.812356,96.812840,96.813354,96.813899,96.814472,96.815073,96.815699,96.816349,96.817022,96.817716,96.818428,96.819158,96.819904,96.820663,96.821434,96.822214,96.823003,96.823798,96.824596,96.825397
95.238095,95.236897,95.235701,95.234512,95.233331,95.232163,95.231009,95.229872,95.228757,95.227664,95.226597,95.225559,95.224552,95.223579,95.222641,95.221743,95.220885,95.220069,95.219299,95.218575,95.217899,95.217274,95.216701,95.216181,95.215715,95.215305,95.214952,95.214656,95.214419,95.214240,95.214121,95.214061,95.214061,95.214121,95.214240,95.214419,95.214656,95.214952,95.215305,95.215715,95.216181,95.216701,95.217274,95.217899,95.218575,95.219299,95.220069,95.220885,95.221743,95.222641,95.223579,95.224552,95.225559,95.226597,95.227664,95.228757,95.229872,95.231009,95.232163,95.233331,95.234512,95.235701,95.236897,95.238095
93.650794,93.649200,93.647611,93.646030,93.644460,93.642907,93.641372,93.639862,93.638378,93.636926,93.635507,93.634127,93.632788,93.631494,93.630248,93.629054,93.627913,93.626829,93.625804,93.624842,93.623944,93.623113,93.622351,93.621659,93.621040,93.620495,93.620026,93.619632,93.619317,93.619079,93.618920,93.618841,93.618841,93.618920,93.619079,93.619317,93.619632,93.620026,93.620495,93.621040,93.621659,93.622351,93.623113,93.623944,93.624842,93.625804,93.626829,93.627913,93.629054,93.630248,93.631494,93.632788,93.634127,93.635507,93.636926,93.638378,93.639862,93.641372,93.642907,93.644460,93.646030,93.647611,93.649200,93.650794
92.063492,92.061508,92.059529,92.057560,92.055605,92.053670,92.051760,92.049878,92.048031,92.046222,92.044456,92.042737,92.041070,92.039458,92.037907,92.036418,92.034998,92.033648,92.032372,92.031174,92.030056,92.029021,92.028072,92.027210,92.026440,92.025761,92.025176,92.024686,92.024293,92.023997,92.023799,92.023700,92.023700,92.023799,92.023997,92.024293,92.024686,92.025176,92.025761,92.026440,92.027210,92.028072,92.029021,92.030056,92.031174,92.032372,92.033648,92.034998,92.036418,92.037907,92.039458,92.041070,92.042737,92.044456,92.046222,92.048031,92.049878,92.051760,92.053670,92.055605,92.057560,92.059529,92.061508,92.063492
90.476190,90.473820,90.471456,90.469104,90.466769,90.464458,90.462176,90.459929,90.457722,90.455561,90.453451,90.451398,90.449407,90.447482,90.445628,90.443851,90.442154,90.440541,90.439017,90.437586,90.436250,90.435014,90.433880,90.432852,90.431931,90.431120,90.430421,90.429836,90.429366,90.429013,90.428777,90.428659,90.428659,90.428777,90.429013,90.429366,90.429836,90.430421,90.431120,90.431931,90.432852,90.433880,90.435014,90.436250,90.437586,90.439017,90.440541,90.442154,90.443851,90.445628,90.447482,90.449407,90.451398,90.453451,90.455561,90.457722,90.459929,90.462176,90.464458,90.466769,90.469104,90.471456,90.473820,90.476190
88.888889,88.886139,88.883396,88.880666,88.877957,88.875275,88.872627,88.870019,88.867459,88.864951,88.862503,88.860121,88.857810,88.855577,88.853426,88.851363,88.849394,88.847523,88.845755,88.844094,88.842544,88.841110,88.839794,88.838601,88.837532,88.836591,88.835780,88.835102,88.834556,88.834146,88.833873,88.833735,88.833735,88.833873,88.834146,88.834556,88.835102,88.835780,88.836591,88.837532,88.838601,88.839794,88.841110,88.842544,88.844094,88.845755,88.847523,88.849394,88.851363,88.853426,88.855577,88.857810,88.860121,88.862503,88.864951,88.867459,88.870019,88.872627,88.875275,88.877957,88.880666,88.883396,88.886139,88.888889
87.301587,87.298464,87.295349,87.292249,87.289172,87.286126,87.283119,87.280157,87.277249,87.274401,87.271621,87.268915,87.266291,87.263754,87.261312,87.258969,87.256733,87.254608,87.252600,87.250713,87.248953,87.247324,87.245830,87.244475,87.243261,87.242193,87.241272,87.240501,87.239882,87.239416,87.239105,87.238949,87.238949,87.239105,87.239416,87.239882,87.240501,87.241272,87.242193,87.243261,87.244475,87.245830,87.247324,87.248953,87.250713,87.252600,87.254608,87.256733,87.258969,87.261312,87.263754,87.266291,87.268915,87.271621,87.274401,87.277249,87.280157,87.283119,87.286126,87.289172,87.292249,87.295349,87.298464,87.301587
85.714286,85.710797,85.707317,85.703854,85.700418,85.697015,85.693656,85.690348,85.687100,85.683919,85.680813,85.677791,85.674860,85.672026,85.669298,85.666681,85.664183,85.661810,85.659566,85.657459,85.655493,85.653674,85.652005,85.650491,85.649135,85.647942,85.646913,85.646052,85.645360,85.644840,85.644493,85.644319,85.644319,85.644493,85.644840,85.645360,85.646052,85.646913,85.647942,85.649135,85.650491,85.652005,85.653674,85.655493,85.657459,85.659566,85.661810,85.664183,85.666681,85.669298,85.672026,85.674860,85.677791,85.680813,85.683919,85.687100,85.690348,85.693656,85.697015,85.700418,85.703854,85.707317,85.710797,85.714286
84.126984,84.123139,84.119303,84.115486,84.111698,84.107948,84.104245,84.100599,84.097018,84.093512,84.090089,84.086758,84.083526,84.080403,84.077396,84.074512,84.071758,84.069142,84.066669,84.064347,84.062180,84.060174,84.058334,84.056665,84.055171,84.053856,84.052722,84.051773,84.051010,84.050437,84.050054,84.049862,84.049862,84.050054,84.050437,84.051010,84.051773,84.052722,84.053856,84.055171,84.056665,84.058334,84.060174,84.062180,84.064347,84.066669,84.069142,84.071758,84.074512,84.077396,84.080403,84.083526,84.086758,84.090089,84.093512,84.097018,84.100599,84.104245,84.107948,84.111698,84.115486,84.119303,84.123139,84.126984
82.539683,82.535490,82.531308,82.527146,82.523016,82.518928,82.514890,82.510915,82.507011,82.503188,82.499456,82.495824,82.492301,82.488896,82.485617,82.482473,82.479470,82.476618,82.473922,82.471390,82.469027,82.466840,82.464835,82.463015,82.461386,82.459951,82.458715,82.457680,82.456849,82.456224,82.455807,82.455598,82.455598,82.455807,82.456224,82.456849,82.457680,82.458715,82.459951,82.461386,82.463015,82.464835,82.466840,82.469027,82.471390,82.473922,82.476618,82.479470,82.482473,82.485617,82.488896,82.492301,82.495824,82.499456,82.503188,82.507011,82.510915,82.514890,82.518928,82.523016,82.527146,82.531308,82.535490,82.539683
80.952381,80.947852,80.943334,80.938838,80.934376,80.929959,80.925597,80.921303,80.917085,80.912955,80.908923,80.905000,80.901194,80.897515,80.893973,80.890576,80.887332,80.884251,80.881338,80.878602,80.876050,80.873688,80.871521,80.869555,80.867795,80.866246,80.864910,80.863792,80.862894,80.862219,80.861768,80.861542,80.861542,80.861768,80.862219,80.862894,80.863792,80.864910,80.866246,80.867795,80.869555,80.871521,80.873688,80.876050,80.878602,80.881338,80.884251,80.887332,80.890576,80.893973,80.897515,80.901194,80.905000,80.908923,80.912955,80.917085,80.921303,80.925597,80.929959,80.934376,80.938838,80.943334,80.947852,80.952381
79.365079,79.360225,79.355382,79.350563,79.345780,79.341046,79.336371,79.331768,79.327247,79.322820,79.318499,79.314293,79.310214,79.306270,79.302474,79.298832,79.295356,79.292053,79.288931,79.285999,79.283263,79.280731,79.278408,79.276301,79.274415,79.272754,79.271322,79.270124,79.269162,79.268438,79.267954,79.267712,79.267712,79.267954,79.268438,79.269162,79.270124,79.271322,79.272754,79.274415,79.276301,79.278408,79.280731,79.283263,79.285999,79.288931,79.292053,79.295356,79.298832,79.302474,79.306270,79.310214,79.314293,79.318499,79.322820,79.327247,79.331768,79.336371,79.341046,79.345780,79.350563,79.355382,79.360225,79.365079
77.777778,77.772609,77.767454,77.762324,77.757233,77.752193,77.747216,77.742315,77.737503,77.732790,77.728190,77.723713,77.719370,77.715172,77.711130,77.707254,77.703553,77.700037,77.696713,77.693592,77.690680,77.687984,77.685511,77.683268,77.681260,77.679492,77.677968,77.676692,77.675668,77.674897,77.674383,77.674125,77.674125,77.674383,77.674897,77.675668,77.676692,77.677968,77.679492,77.681260,77.683268,77.685511,77.687984,77.690680,77.693592,77.696713,77.700037,77.703553,77.707254,77.711130,77.715172,77.719370,77.723713,77.728190,77.732790,77.737503,77.742315,77.747216,77.752193,77.757233,77.762324,77.767454,77.772609,77.777778
76.190476,76.185007,76.179552,76.174124,76.168737,76.163403,76.158137,76.152951,76.147859,76.142873,76.138004,76.133267,76.128671,76.124230,76.119953,76.115851,76.111935,76.108214,76.104697,76.101394,76.098313,76.095460,76.092844,76.090470,76.088345,76.086474,76.084862,76.083512,76.082428,76.081612,76.081068,76.080795,76.080795,76.081068,76.081612,76.082428,76.083512,76.084862,76.086474,76.088345,76.090470,76.092844,76.095460,76.098313,76.101394,76.104697,76.108214,76.111935,76.115851,76.119953,76.124230,76.128671,76.133267,76.138004,76.142873,76.147859,76.152951,76.158137,76.163403,76.168737,76.174124,76.179552,76.185007,76.190476
74.603175,74.597419,74.591677,74.585964,74.580294,74.574681,74.569138,74.563681,74.558321,74.553073,74.547949,74.542963,74.538127,74.533452,74.528950,74.524633,74.520512,74.516595,74.512895,74.509418,74.506175,74.503172,74.500419,74.497921,74.495684,74.493715,74.492018,74.490597,74.489456,74.488598,74.488025,74.487738,74.487738,74.488025,74.488598,74.489456,74.490597,74.492018,74.493715,74.495684,74.497921,74.500419,74.503172,74.506175,74.509418,74.512895,74.516595,74.520512,74.524633,74.528950,74.533452,74.538127,74.542963,74.547949,74.553073,74.558321,74.563681,74.569138,74.574681,74.580294,74.585964,74.591677,74.597419,74.603175
73.015873,73.009845,73.003831,72.997847,72.991909,72.986030,72.980225,72.974508,72.968895,72.963398,72.958032,72.952809,72.947744,72.942847,72.938133,72.933611,72.929294,72.925192,72.921316,72.917675,72.914278,72.911134,72.908250,72.905633,72.903291,72.901228,72.899451,72.897963,72.896768,72.895869,72.895268,72.894968,72.894968,72.895268,72.895869,72.896768,72.897963,72.899451,72.901228,72.903291,72.905633,72.908250,72.911134,72.914278,72.917675,72.921316,72.925192,72.929294,72.933611,72.938133,72.942847,72.947744,72.952809,72.958032,72.963398,72.968895,72.974508,72.980225,72.986030,72.991909,72.997847,73.003831,73.009845,73.015873
71.428571,71.422285,71.416015,71.409775,71.403583,71.397452,71.391399,71.385439,71.379585,71.373853,71.368258,71.362812,71.357530,71.352424,71.347508,71.342793,71.338292,71.334015,71.329973,71.326176,71.322634,71.319355,71.316348,71.313619,71.311177,71.309026,71.307173,71.305621,71.304375,71.303438,71.302812,71.302498,71.302498,71.302812,71.303438,71.304375,71.305621,71.307173,71.309026,71.311177,71.313619,71.316348,71.319355,71.322634,71.326176,71.329973,71.334015,71.338292,71.342793,71.347508,71.352424,71.357530,71.362812,71.368258,71.373853,71.379585,71.385439,71.391399,71.397452,71.403583,71.409775,71.416015,71.422285,71.428571
69.841270,69.834742,69.828230,69.821750,69.815319,69.808953,69.802666,69.796476,69.790397,69.784445,69.778634,69.772979,69.767493,69.762191,69.757085,69.752189,69.747514,69.743073,69.738875,69.734932,69.731253,69.727848,69.724725,69.721892,69.719355,69.717122,69.715197,69.713586,69.712292,69.711318,69.710668,69.710343,69.710343,69.710668,69.711318,69.712292,69.713586,69.715197,69.717122,69.719355,69.721892,69.724725,69.727848,69.731253,69.734932,69.738875,69.743073,69.747514,69.752189,69.757085,69.762191,69.767493,69.772979,69.778634,69.784445,69.790397,69.796476,69.802666,69.808953,69.815319,69.821750,69.828230,69.834742,69.841270
68.253968,68.247214,68.240477,68.233773,68.227120,68.220533,68.214029,68.207625,68.201336,68.195178,68.189166,68.183315,68.177639,68.172154,68.166872,68.161806,68.156970,68.152374,68.148032,68.143952,68.140146,68.136623,68.133392,68.130461,68.127837,68.125526,68.123534,68.121867,68.120529,68.119522,68.118849,68.118512,68.118512,68.118849,68.119522,68.120529,68.121867,68.123534,68.125526,68.127837,68.130461,68.133392,68.136623,68.140146,68.143952,68.148032,68.152374,68.156970,68.161806,68.166872,68.172154,68.177639,68.183315,68.189166,68.195178,68.201336,68.207625,68.214029,68.220533,68.227120,68.233773,68.240477,68.247214,68.253968
66.666667,66.659704,66.652758,66.645847,66.638987,66.632197,66.625492,66.618889,66.612406,66.606057,66.599859,66.593827,66.587976,66.582320,66.576875,66.571652,66.566666,66.561929,66.557452,66.553246,66.549322,66.545690,66.542359,66.539337,66.536632,66.534249,66.532196,66.530478,66.529098,66.528059,66.527366,66.527019,66.527019,66.527366,66.528059,66.529098,66.530478,66.532196,66.534249,66.536632,66.539337,66.542359,66.545690,66.549322,66.553246,66.557452,66.561929,66.566666,66.571652,66.576875,66.582320,66.587976,66.593827,66.599859,66.606057,66.612406,66.618889,66.625492,66.632197,66.638987,66.645847,66.652758,66.659704,66.666667
65.079365,65.072210,65.065073,65.057972,65.050924,65.043946,65.037057,65.030272,65.023610,65.017087,65.010718,65.004520,64.998508,64.992697,64.987101,64.981735,64.976611,64.971744,64.967143,64.962822,64.958790,64.955058,64.951635,64.948530,64.945750,64.943302,64.941193,64.939427,64.938008,64.936942,64.936229,64.935872,64.935872,64.936229,64.936942,64.938008,64.939427,64.941193,64.943302,64.945750,64.948530,64.951635,64.955058,64.958790,64.962822,64.967143,64.971744,64.976611,64.981735,64.987101,64.992697,64.998508,65.004520,65.010718,65.017087,65.023610,65.030272,65.037057,65.043946,65.050924,65.057972,65.065073,65.072210,65.079365
63.492063,63.484735,63.477424,63.470150,63.462931,63.455784,63.448727,63.441778,63.434953,63.428271,63.421748,63.415399,63.409241,63.403288,63.397557,63.392060,63.386812,63.381826,63.377114,63.372687,63.368558,63.364735,63.361229,63.358048,63.355201,63.352693,63.350532,63.348723,63.347271,63.346178,63.345448,63.345083,63.345083,63.345448,63.346178,63.347271,63.348723,63.350532,63.352693,63.355201,63.358048,63.361229,63.364735,63.368558,63.372687,63.377114,63.381826,63.386812,63.392060,63.397557,63.403288,63.409241,63.415399,63.421748,63.428271,63.434953,63.441778,63.448727,63.455784,63.462931,63.470150,63.477424,63.484735,63.492063
61.904762,61.897278,61.889812,61.882383,61.875010,61.867711,61.860504,61.853408,61.846439,61.839614,61.832952,61.826469,61.820180,61.814101,61.808248,61.802634,61.797275,61.792182,61.787370,61.782850,61.778632,61.774728,61.771148,61.767900,61.764991,61.762431,61.760224,61.758377,61.756893,61.755777,61.755032,61.754659,61.754659,61.755032,61.755777,61.756893,61.758377,61.760224,61.762431,61.764991,61.767900,61.771148,61.774728,61.778632,61.782850,61.787370,61.792182,61.797275,61.802634,61.808248,61.814101,61.820180,61.826469,61.832952,61.839614,61.846439,61.853408,61.860504,61.867711,61.875010,61.882383,61.889812,61.897278,61.904762
60.317460,60.309839,60.302236,60.294672,60.287164,60.279731,60.272392,60.265165,60.258069,60.251120,60.244335,60.237733,60.231329,60.225139,60.219178,60.213462,60.208004,60.202819,60.197918,60.193315,60.189020,60.185045,60.181399,60.178091,60.175130,60.172522,60.170275,60.168394,60.166883,60.165747,60.164988,60.164608,60.164608,60.164988,60.165747,60.166883,60.168394,60.170275,60.172522,60.175130,60.178091,60.181399,60.185045,60.189020,60.193315,60.197918,60.202819,60.208004,60.213462,60.219178,60.225139,60.231329,60.237733,60.244335,60.251120,60.258069,60.265165,60.272392,60.279731,60.287164,60.294672,60.302236,60.309839,60.317460
58.730159,58.722419,58.714699,58.707017,58.699393,58.691845,58.684392,58.677053,58.669847,58.662790,58.655900,58.649196,58.642692,58.636406,58.630353,58.624548,58.619006,58.613740,58.608764,58.604089,58.599728,58.595691,58.591989,58.588629,58.585622,58.582974,58.580692,58.578782,58.577248,58.576094,58.575323,58.574937,58.574937,58.575323,58.576094,58.577248,58.578782,58.580692,58.582974,58.585622,58.588629,58.591989,58.595691,58.599728,58.604089,58.608764,58.613740,58.619006,58.624548,58.630353,58.636406,58.642692,58.649196,58.655900,58.662790,58.669847,58.677053,58.684392,58.691845,58.699393,58.707017,58.714699,58.722419,58.730159
57.142857,57.135019,57.127200,57.119420,57.111698,57.104054,57.096506,57.089073,57.081774,57.074627,57.067650,57.060860,57.054273,57.047907,57.041776,57.035897,57.030284,57.024951,57.019911,57.015177,57.010760,57.006671,57.002922,56.999519,56.996474,56.993792,56.991481,56.989546,56.987992,56.986824,56.986043,56.985652,56.985652,56.986043,56.986824,56.987992,56.989546,56.991481,56.993792,56.996474,56.999519,57.002922,57.006671,57.010760,57.015177,57.019911,57.024951,57.030284,57.035897,57.041776,57.047907,57.054273,57.060860,57.067650,57.074627,57.081774,57.089073,57.096506,57.104054,57.111698,57.119420,57.127200,57.135019,57.142857
55.555556,55.547638,55.539740,55.531881,55.524081,55.516359,55.508735,55.501227,55.493854,55.486635,55.479587,55.472727,55.466074,55.459643,55.453451,55.447512,55.441843,55.436455,55.431364,55.426582,55.422120,55.417990,55.414202,55.410766,55.407689,55.404981,55.402646,55.400692,55.399122,55.397942,55.397153,55.396758,55.396758,55.397153,55.397942,55.399122,55.400692,55.402646,55.404981,55.407689,55.410766,55.414202,55.417990,55.422120,55.426582,55.431364,55.436455,55.441843,55.447512,55.453451,55.459643,55.466074,55.472727,55.479587,55.486635,55.493854,55.501227,55.508735,55.516359,55.524081,55.531881,55.539740,55.547638,55.555556
53.968254,53.960276,53.952319,53.944401,53.936542,53.928762,53.921080,53.913515,53.906087,53.898813,53.891712,53.884801,53.878098,53.871618,53.865379,53.859396,53.853683,53.848256,53.843126,53.838308,53.833812,53.829651,53.825835,53.822372,53.819273,53.816543,53.814191,53.812222,53.810641,53.809451,53.808657,53.808259,53.808259,53.808657,53.809451,53.810641,53.812222,53.814191,53.816543,53.819273,53.822372,53.825835,53.829651,53.833812,53.838308,53.843126,53.848256,53.853683,53.859396,53.865379,53.871618,53.878098,53.884801,53.891712,53.898813,53.906087,53.913515,53.921080,53.928762,53.936542,53.944401,53.952319,53.960276,53.968254
52.380952,52.372935,52.364937,52.356980,52.349082,52.341263,52.333543,52.325940,52.318475,52.311165,52.304028,52.297082,52.290345,52.283834,52.277563,52.271550,52.265809,52.260354,52.255199,52.250356,52.245839,52.241657,52.237821,52.234342,52.231226,52.228483,52.226119,52.224140,52.222551,52.221356,52.220557,52.220158,52.220158,52.220557,52.221356,52.222551,52.224140,52.226119,52.228483,52.231226,52.234342,52.237821,52.241657,52.245839,52.250356,52.255199,52.260354,52.265809,52.271550,52.277563,52.283834,52.290345,52.297082,52.304028,52.311165,52.318475,52.325940,52.333543,52.341263,52.349082,52.356980,52.364937,52.372935,52.380952
50.793651,50.785613,50.777596,50.769619,50.761701,50.753862,50.746123,50.738502,50.731018,50.723689,50.716535,50.709572,50.702818,50.696290,50.690005,50.683976,50.678221,50.672752,50.667585,50.662730,50.658201,50.654009,50.650164,50.646675,50.643552,50.640802,50.638433,50.636449,50.634856,50.633657,50.632857,50.632456,50.632456,50.632857,50.633657,50.634856,50.636449,50.638433,50.640802,50.643552,50.646675,50.650164,50.654009,50.658201,50.662730,50.667585,50.672752,50.678221,50.683976,50.690005,50.696290,50.702818,50.709572,50.716535,50.723689,50.731018,50.738502,50.746123,50.753862,50.761701,50.769619,50.777596,50.785613,50.793651
49.206349,49.198312,49.190294,49.182317,49.174399,49.166561,49.158822,49.151200,49.143716,49.136388,49.129234,49.122271,49.115517,49.108989,49.102703,49.096675,49.090920,49.085451,49.080283,49.075429,49.070900,49.066708,49.062863,49.059374,49.056251,49.053502,49.051132,49.049148,49.047555,49.046356,49.045556,49.045155,49.045155,49.045556,49.046356,49.047555,49.049148,49.051132,49.053502,49.056251,49.059374,49.062863,49.066708,49.070900,49.075429,49.080283,49.085451,49.090920,49.096675,49.102703,49.108989,49.115517,49.122271,49.129234,49.136388,49.143716,49.151200,49.158822,49.166561,49.174399,49.182317,49.190294,49.198312,49.206349
47.619048,47.611030,47.603033,47.595075,47.587177,47.579359,47.571638,47.564036,47.556571,47.549261,47.542124,47.535179,47.528442,47.521930,47.515660,47.509647,47.503906,47.498451,47.493296,47.488453,47.483936,47.479754,47.475918,47.472439,47.469324,47.466581,47.464217,47.462238,47.460649,47.459453,47.458655,47.458255,47.458255,47.458655,47.459453,47.460649,47.462238,47.464217,47.466581,47.469324,47.472439,47.475918,47.479754,47.483936,47.488453,47.493296,47.498451,47.503906,47.509647,47.515660,47.521930,47.528442,47.535179,47.542124,47.549261,47.556571,47.564036,47.571638,47.579359,47.587177,47.595075,47.603033,47.611030,47.619048
46.031746,46.023769,46.015811,46.007893,46.000035,45.992255,45.984573,45.977009,45.969581,45.962307,45.955206,45.948295,45.941592,45.935113,45.928874,45.922890,45.917178,45.911750,45.906621,45.901803,45.897307,45.893146,45.889330,45.885868,45.882768,45.880039,45.877687,45.875718,45.874136,45.872947,45.872152,45.871755,45.871755,45.872152,45.872947,45.874136,45.875718,45.877687,45.880039,45.882768,45.885868,45.889330,45.893146,45.897307,45.901803,45.906621,45.911750,45.917178,45.922890,45.928874,45.935113,45.941592,45.948295,45.955206,45.962307,45.969581,45.977009,45.984573,45.992255,46.000035,46.007893,46.015811,46.023769,46.031746
44.444444,44.436527,44.428629,44.420770,44.412971,44.405249,44.397625,44.390117,44.382745,44.375526,44.368478,44.361619,44.354966,44.348535,44.342343,44.336405,44.330735,44.325348,44.320257,44.315475,44.311013,44.306883,44.303096,44.299659,44.296583,44.293874,44.291540,44.289585,44.288016,44.286835,44.286047,44.285652,44.285652,44.286047,44.286835,44.288016,44.289585,44.291540,44.293874,44.296583,44.299659,44.303096,44.306883,44.311013,44.315475,44.320257,44.325348,44.330735,44.336405,44.342343,44.348535,44.354966,44.361619,44.368478,44.375526,44.382745,44.390117,44.397625,44.405249,44.412971,44.420770,44.428629,44.436527,44.444444
42.857143,42.849305,42.841486,42.833706,42.825985,42.818341,42.810793,42.803361,42.796062,42.788916,42.781939,42.775148,42.768562,42.762196,42.756066,42.750187,42.744575,42.739242,42.734202,42.729468,42.725051,42.720963,42.717213,42.713811,42.710765,42.708084,42.705773,42.703838,42.702284,42.701116,42.700335,42.699944,42.699944,42.700335,42.701116,42.702284,42.703838,42.705773,42.708084,42.710765,42.713811,42.717213,42.720963,42.725051,42.729468,42.734202,42.739242,42.744575,42.750187,42.756066,42.762196,42.768562,42.775148,42.781939,42.788916,42.796062,42.803361,42.810793,42.818341,42.825985,42.833706,42.841486,42.849305,42.857143
41.269841,41.262102,41.254382,41.246701,41.239077,41.231529,41.224077,41.216738,41.209532,41.202475,41.195586,41.188882,41.182379,41.176093,41.170041,41.164236,41.158694,41.153428,41.148452,41.143778,41.139417,41.135380,41.131678,41.128319,41.125312,41.122664,41.120382,41.118472,41.116938,41.115784,41.115013,41.114627,41.114627,41.115013,41.115784,41.116938,41.118472,41.120382,41.122664,41.125312,41.128319,41.131678,41.135380,41.139417,41.143778,41.148452,41.153428,41.158694,41.164236,41.170041,41.176093,41.182379,41.188882,41.195586,41.202475,41.209532,41.216738,41.224077,41.231529,41.239077,41.246701,41.254382,41.262102,41.269841
39.682540,39.674919,39.667317,39.659752,39.652245,39.644813,39.637474,39.630248,39.623151,39.616203,39.609419,39.602817,39.596413,39.590223,39.584263,39.578547,39.573090,39.567905,39.563004,39.558401,39.554107,39.550132,39.546486,39.543178,39.540217,39.537610,39.535363,39.533482,39.531971,39.530835,39.530076,39.529696,39.529696,39.530076,39.530835,39.531971,39.533482,39.535363,39.537610,39.540217,39.543178,39.546486,39.550132,39.554107,39.558401,39.563004,39.567905,39.573090,39.578547,39.584263,39.590223,39.596413,39.602817,39.609419,39.616203,39.623151,39.630248,39.637474,39.644813,39.652245,39.659752,39.667317,39.674919,39.682540
38.095238,38.087754,38.080289,38.072861,38.065488,38.058190,38.050984,38.043887,38.036918,38.030095,38.023433,38.016950,38.010661,38.004583,37.998730,37.993117,37.987758,37.982666,37.977854,37.973334,37.969117,37.965213,37.961633,37.958385,37.955477,37.952916,37.950710,37.948862,37.947379,37.946263,37.945518,37.945145,37.945145,37.945518,37.946263,37.947379,37.948862,37.950710,37.952916,37.955477,37.958385,37.961633,37.965213,37.969117,37.973334,37.977854,37.982666,37.987758,37.993117,37.998730,38.004583,38.010661,38.016950,38.023433,38.030095,38.036918,38.043887,38.050984,38.058190,38.065488,38.072861,38.080289,38.087754,38.095238
36.507937,36.500608,36.493298,36.486025,36.478806,36.471659,36.464603,36.457654,36.450831,36.444149,36.437626,36.431277,36.425120,36.419168,36.413437,36.407940,36.402693,36.397707,36.392995,36.388569,36.384440,36.380617,36.377111,36.373931,36.371084,36.368576,36.366416,36.364607,36.363154,36.362062,36.361332,36.360967,36.360967,36.361332,36.362062,36.363154,36.364607,36.366416,36.368576,36.371084,36.373931,36.377111,36.380617,36.384440,36.388569,36.392995,36.397707,36.402693,36.407940,36.413437,36.419168,36.425120,36.431277,36.437626,36.444149,36.450831,36.457654,36.464603,36.471659,36.478806,36.486025,36.493298,36.500608,36.507937
34.920635,34.913481,34.906344,34.899244,34.892196,34.885219,34.878330,34.871546,34.864885,34.858361,34.851993,34.845796,34.839784,34.833973,34.828378,34.823013,34.817890,34.813022,34.808422,34.804101,34.800070,34.796338,34.792915,34.789810,34.787031,34.784583,34.782474,34.780708,34.779290,34.778223,34.777511,34.777154,34.777154,34.777511,34.778223,34.779290,34.780708,34.782474,34.784583,34.787031,34.789810,34.792915,34.796338,34.800070,34.804101,34.808422,34.813022,34.817890,34.823013,34.828378,34.833973,34.839784,34.845796,34.851993,34.858361,34.864885,34.871546,34.878330,34.885219,34.892196,34.899244,34.906344,34.913481,34.920635
33.333333,33.326371,33.319426,33.312515,33.305656,33.298866,33.292162,33.285560,33.279077,33.272729,33.266531,33.260500,33.254649,33.248994,33.243549,33.238327,33.233342,33.228605,33.224128,33.219923,33.215999,33.212368,33.209037,33.206015,33.203310,33.200928,33.198875,33.197156,33.195776,33.194738,33.194045,33.193698,33.193698,33.194045,33.194738,33.195776,33.197156,33.198875,33.200928,33.203310,33.206015,33.209037,33.212368,33.215999,33.219923,33.224128,33.228605,33.233342,33.238327,33.243549,33.248994,33.254649,33.260500,33.266531,33.272729,33.279077,33.285560,33.292162,33.298866,33.305656,33.312515,33.319426,33.326371,33.333333
31.746032,31.739278,31.732542,31.725839,31.719186,31.712600,31.706097,31.699693,31.693405,31.687247,31.681235,31.675385,31.669710,31.664225,31.658944,31.653878,31.649042,31.644448,31.640105,31.636026,31.632221,31.628698,31.625467,31.622536,31.619912,31.617602,31.615610,31.613943,31.612605,31.611598,31.610925,31.610589,31.610589,31.610925,31.611598,31.612605,31.613943,31.615610,31.617602,31.619912,31.622536,31.625467,31.628698,31.632221,31.636026,31.640105,31.644448,31.649042,31.653878,31.658944,31.664225,31.669710,31.675385,31.681235,31.687247,31.693405,31.699693,31.706097,31.712600,31.719186,31.725839,31.732542,31.739278,31.746032
30.158730,30.152203,30.145691,30.139212,30.132782,30.126416,30.120131,30.113941,30.107863,30.101911,30.096101,30.090446,30.084961,30.079659,30.074554,30.069658,30.064984,30.060543,30.056346,30.052403,30.048725,30.045320,30.042197,30.039364,30.036828,30.034595,30.032670,30.031059,30.029765,30.028792,30.028142,30.027816,30.027816,30.028142,30.028792,30.029765,30.031059,30.032670,30.034595,30.036828,30.039364,30.042197,30.045320,30.048725,30.052403,30.056346,30.060543,30.064984,30.069658,30.074554,30.079659,30.084961,30.090446,30.096101,30.101911,30.107863,30.113941,30.120131,30.126416,30.132782,30.139212,30.145691,30.152203,30.158730
28.571429,28.565143,28.558873,28.552635,28.546443,28.540313,28.534260,28.528300,28.522448,28.516717,28.511122,28.505676,28.500395,28.495290,28.490374,28.485660,28.481159,28.476882,28.472841,28.469045,28.465503,28.462224,28.459217,28.456489,28.454047,28.451897,28.450043,28.448492,28.447246,28.446309,28.445683,28.445370,28.445370,28.445683,28.446309,28.447246,28.448492,28.450043,28.451897,28.454047,28.456489,28.459217,28.462224,28.465503,28.469045,28.472841,28.476882,28.481159,28.485660,28.490374,28.495290,28.500395,28.505676,28.511122,28.516717,28.522448,28.528300,28.534260,28.540313,28.546443,28.552635,28.558873,28.565143,28.571429
26.984127,26.978099,26.972086,26.966104,26.960165,26.954287,26.948483,26.942767,26.937154,26.931658,26.926292,26.921071,26.916005,26.911110,26.906396,26.901875,26.897558,26.893457,26.889581,26.885940,26.882544,26.879400,26.876516,26.873900,26.871558,26.869495,26.867718,26.866230,26.865036,26.864137,26.863537,26.863236,26.863236,26.863537,26.864137,26.865036,26.866230,26.867718,26.869495,26.871558,26.873900,26.876516,26.879400,26.882544,26.885940,26.889581,26.893457,26.897558,26.901875,26.906396,26.911110,26.916005,26.921071,26.926292,26.931658,26.937154,26.942767,26.948483,26.954287,26.960165,26.966104,26.972086,26.978099,26.984127
25.396825,25.391070,25.385329,25.379617,25.373948,25.368335,25.362793,25.357336,25.351977,25.346730,25.341607,25.336621,25.331785,25.327111,25.322610,25.318294,25.314173,25.310257,25.306556,25.303080,25.299837,25.296836,25.294082,25.291584,25.289348,25.287379,25.285682,25.284262,25.283121,25.282263,25.281690,25.281403,25.281403,25.281690,25.282263,25.283121,25.284262,25.285682,25.287379,25.289348,25.291584,25.294082,25.296836,25.299837,25.303080,25.306556,25.310257,25.314173,25.318294,25.322610,25.327111,25.331785,25.336621,25.341607,25.346730,25.351977,25.357336,25.362793,25.368335,25.373948,25.379617,25.385329,25.391070,25.396825
23.809524,23.804056,23.798601,23.793174,23.787787,23.782454,23.777189,23.772004,23.766912,23.761926,23.757059,23.752322,23.747727,23.743286,23.739009,23.734908,23.730992,23.727272,23.723756,23.720453,23.717372,23.714520,23.711904,23.709531,23.707406,23.705535,23.703923,23.702573,23.701489,23.700674,23.700129,23.699857,23.699857,23.700129,23.700674,23.701489,23.702573,23.703923,23.705535,23.707406,23.709531,23.711904,23.714520,23.717372,23.720453,23.723756,23.727272,23.730992,23.734908,23.739009,23.743286,23.747727,23.752322,23.757059,23.761926,23.766912,23.772004,23.777189,23.782454,23.787787,23.793174,23.798601,23.804056,23.809524
22.222222,22.217055,22.211900,22.206771,22.201680,22.196641,22.191665,22.186765,22.181953,22.177241,22.172641,22.168164,22.163822,22.159625,22.155584,22.151708,22.148007,22.144492,22.141169,22.138048,22.135136,22.132440,22.129968,22.127725,22.125717,22.123949,22.122426,22.121150,22.120126,22.119356,22.118841,22.118583,22.118583,22.118841,22.119356,22.120126,22.121150,22.122426,22.123949,22.125717,22.127725,22.129968,22.132440,22.135136,22.138048,22.141169,22.144492,22.148007,22.151708,22.155584,22.159625,22.163822,22.168164,22.172641,22.177241,22.181953,22.186765,22.191665,22.196641,22.201680,22.206771,22.211900,22.217055,22.222222
20.634921,20.630066,20.625224,20.620406,20.615624,20.610891,20.606216,20.601614,20.597093,20.592667,20.588347,20.584141,20.580063,20.576120,20.572324,20.568683,20.565207,20.561904,20.558783,20.555851,20.553116,20.550584,20.548262,20.546155,20.544269,20.542608,20.541177,20.539979,20.539017,20.538293,20.537809,20.537567,20.537567,20.537809,20.538293,20.539017,20.539979,20.541177,20.542608,20.544269,20.546155,20.548262,20.550584,20.553116,20.555851,20.558783,20.561904,20.565207,20.568683,20.572324,20.576120,20.580063,20.584141,20.588347,20.592667,20.597093,20.601614,20.606216,20.610891,20.615624,20.620406,20.625224,20.630066,20.634921
19.047619,19.043090,19.038573,19.034078,19.029617,19.025200,19.020839,19.016545,19.012328,19.008199,19.004168,19.000245,18.996439,18.992761,18.989219,18.985823,18.982580,18.979499,18.976587,18.973851,18.971299,18.968937,18.966771,18.964805,18.963046,18.961496,18.960161,18.959043,18.958145,18.957470,18.957019,18.956793,18.956793,18.957019,18.957470,18.958145,18.959043,18.960161,18.961496,18.963046,18.964805,18.966771,18.968937,18.971299,18.973851,18.976587,18.979499,18.982580,18.985823,18.989219,18.992761,18.996439,19.000245,19.004168,19.008199,19.012328,19.016545,19.020839,19.025200,19.029617,19.034078,19.038573,19.043090,19.047619
17.460317,17.456126,17.451944,17.447783,17.443654,17.439566,17.435529,17.431554,17.427651,17.423829,17.420097,17.416466,17.412943,17.409539,17.406260,17.403116,17.400114,17.397262,17.394567,17.392035,17.389673,17.387486,17.385481,17.383661,17.382033,17.380598,17.379362,17.378328,17.377497,17.376872,17.376454,17.376245,17.376245,17.376454,17.376872,17.377497,17.378328,17.379362,17.380598,17.382033,17.383661,17.385481,17.387486,17.389673,17.392035,17.394567,17.397262,17.400114,17.403116,17.406260,17.409539,17.412943,17.416466,17.420097,17.423829,17.427651,17.431554,17.435529,17.439566,17.443654,17.447783,17.451944,17.456126,17.460317
15.873016,15.869171,15.865336,15.861520,15.857732,15.853983,15.850280,15.846635,15.843054,15.839549,15.836126,15.832796,15.829565,15.826442,15.823435,15.820552,15.817798,15.815182,15.812710,15.810388,15.808221,15.806216,15.804377,15.802708,15.801214,15.799899,15.798765,15.797816,15.797054,15.796481,15.796098,15.795906,15.795906,15.796098,15.796481,15.797054,15.797816,15.798765,15.799899,15.801214,15.802708,15.804377,15.806216,15.808221,15.810388,15.812710,15.815182,15.817798,15.820552,15.823435,15.826442,15.829565,15.832796,15.836126,15.839549,15.843054,15.846635,15.850280,15.853983,15.857732,15.861520,15.865336,15.869171,15.873016
14.285714,14.282226,14.278747,14.275285,14.271849,14.268447,14.265088,14.261781,14.258533,14.255352,14.252247,14.249226,14.246295,14.243462,14.240734,14.238117,14.235620,14.233246,14.231004,14.228897,14.226931,14.225112,14.223443,14.221929,14.220574,14.219381,14.218352,14.217491,14.216800,14.216280,14.215932,14.215758,14.215758,14.215932,14.216280,14.216800,14.217491,14.218352,14.219381,14.220574,14.221929,14.223443,14.225112,14.226931,14.228897,14.231004,14.233246,14.235620,14.238117,14.240734,14.243462,14.246295,14.249226,14.252247,14.255352,14.258533,14.261781,14.265088,14.268447,14.271849,14.275285,14.278747,14.282226,14.285714
12.698413,12.695290,12.692175,12.689076,12.685999,12.682954,12.679947,12.676986,12.674078,12.671231,12.668451,12.665746,12.663122,12.660586,12.658144,12.655802,12.653566,12.651441,12.649433,12.647547,12.645787,12.644159,12.642665,12.641309,12.640096,12.639028,12.638107,12.637336,12.636717,12.636252,12.635941,12.635785,12.635785,12.635941,12.636252,12.636717,12.637336,12.638107,12.639028,12.640096,12.641309,12.642665,12.644159,12.645787,12.647547,12.649433,12.651441,12.653566,12.655802,12.658144,12.660586,12.663122,12.665746,12.668451,12.671231,12.674078,12.676986,12.679947,12.682954,12.685999,12.689076,12.692175,12.695290,12.698413
11.111111,11.108362,11.105619,11.102890,11.100181,11.097500,11.094852,11.092245,11.089684,11.087177,11.084730,11.082348,11.080038,11.077804,11.075654,11.073592,11.071623,11.069752,11.067984,11.066323,11.064774,11.063340,11.062025,11.060831,11.059763,11.058822,11.058011,11.057333,11.056788,11.056378,11.056104,11.055967,11.055967,11.056104,11.056378,11.056788,11.057333,11.058011,11.058822,11.059763,11.060831,11.062025,11.063340,11.064774,11.066323,11.067984,11.069752,11.071623,11.073592,11.075654,11.077804,11.080038,11.082348,11.084730,11.087177,11.089684,11.092245,11.094852,11.097500,11.100181,11.102890,11.105619,11.108362,11.111111
9.523810,9.521440,9.519076,9.516724,9.514390,9.512079,9.509797,9.507550,9.505344,9.503183,9.501074,9.499021,9.497030,9.495106,9.493252,9.491475,9.489778,9.488166,9.486642,9.485211,9.483876,9.482640,9.481506,9.480478,9.479557,9.478747,9.478048,9.477463,9.476993,9.476640,9.476404,9.476286,9.476286,9.476404,9.476640,9.476993,9.477463,9.478048,9.478747,9.479557,9.480478,9.481506,9.482640,9.483876,9.485211,9.486642,9.488166,9.489778,9.491475,9.493252,9.495106,9.497030,9.499021,9.501074,9.503183,9.505344,9.507550,9.509797,9.512079,9.514390,9.516724,9.519076,9.521440,9.523810
7.936508,7.934524,7.932545,7.930576,7.928622,7.926688,7.924777,7.922896,7.921049,7.919241,7.917475,7.915756,7.914089,7.912478,7.910927,7.909439,7.908018,7.906669,7.905393,7.904195,7.903077,7.902043,7.901093,7.900233,7.899462,7.898783,7.898198,7.897709,7.897315,7.897020,7.896822,7.896723,7.896723,7.896822,7.897020,7.897315,7.897709,7.898198,7.898783,7.899462,7.900233,7.901093,7.902043,7.903077,7.904195,7.905393,7.906669,7.908018,7.909439,7.910927,7.912478,7.914089,7.915756,7.917475,7.919241,7.921049,7.922896,7.924777,7.926688,7.928622,7.930576,7.932545,7.934524,7.936508
6.349206,6.347613,6.346024,6.344443,6.342874,6.341321,6.339787,6.338276,6.336793,6.335341,6.333923,6.332543,6.331204,6.329910,6.328665,6.327470,6.326329,6.325245,6.324221,6.323259,6.322362,6.321531,6.320769,6.320077,6.319458,6.318913,6.318444,6.318050,6.317735,6.317497,6.317339,6.317259,6.317259,6.317339,6.317497,6.317735,6.318050,6.318444,6.318913,6.319458,6.320077,6.320769,6.321531,6.322362,6.323259,6.324221,6.325245,6.326329,6.327470,6.328665,6.329910,6.331204,6.332543,6.333923,6.335341,6.336793,6.338276,6.339787,6.341321,6.342874,6.344443,6.346024,6.347613,6.349206
4.761905,4.760707,4.759511,4.758322,4.757142,4.755973,4.754820,4.753683,4.752568,4.751475,4.750409,4.749371,4.748364,4.747391,4.746454,4.745555,4.744697,4.743882,4.743111,4.742388,4.741713,4.741088,4.740514,4.739994,4.739529,4.739119,4.738766,4.738470,4.738232,4.738054,4.737934,4.737875,4.737875,4.737934,4.738054,4.738232,4.738470,4.738766,4.739119,4.739529,4.739994,4.740514,4.741088,4.741713,4.742388,4.743111,4.743882,4.744697,4.745555,4.746454,4.747391,4.748364,4.749371,4.750409,4.751475,4.752568,4.753683,4.754820,4.755973,4.757142,4.758322,4.759511,4.760707,4.761905
3.174603,3.173803,3.173004,3.172210,3.171421,3.170641,3.169870,3.169111,3.168366,3.167636,3.166923,3.166230,3.165557,3.164907,3.164281,3.163681,3.163108,3.162563,3.162048,3.161565,3.161114,3.160696,3.160313,3.159966,3.159655,3.159381,3.159145,3.158947,3.158789,3.158669,3.158590,3.158550,3.158550,3.158590,3.158669,3.158789,3.158947,3.159145,3.159381,3.159655,3.159966,3.160313,3.160696,3.161114,3.161565,3.162048,3.162563,3.163108,3.163681,3.164281,3.164907,3.165557,3.166230,3.166923,3.167636,3.168366,3.169111,3.169870,3.170641,3.171421,3.172210,3.173004,3.173803,3.174603
1.587302,1.586901,1.586501,1.586103,1.585709,1.585318,1.584932,1.584552,1.584179,1.583814,1.583457,1.583110,1.582773,1.582448,1.582134,1.581834,1.581547,1.581274,1.581016,1.580774,1.580548,1.580339,1.580148,1.579974,1.579818,1.579681,1.579563,1.579464,1.579385,1.579325,1.579285,1.579265,1.579265,1.579285,1.579325,1.579385,1.579464,1.579563,1.579681,1.579818,1.579974,1.580148,1.580339,1.580548,1.580774,1.581016,1.581274,1.581547,1.581834,1.582134,1.582448,1.582773,1.583110,1.583457,1.583814,1.584179,1.584552,1.584932,1.585318,1.585709,1.586103,1.586501,1.586901,1.587302
0.000000,0.000000,0.000000,0.000000,0.000000,0.000000,0.000000,0.000000,0.000000,0.000000,0.000000,0.000000,0.000000,0.000000,0.000000,0.000000,0.000000,0.000000,0.000000,0.000000,0.000000,0.000000,0.000000,0.000000,0.000000,0.000000,0.000000,0.000000,0.000000,0.000000,0.000000,0.000000,0.000000,0.000000,0.000000,0.000000,0.000000,0.000000,0.000000,0.000000,0.000000,0.000000,0.000000,0.000000,0.000000,0.000000,0.000000,0.000000,0.000000,0.000000,0.000000,0.000000,0.000000,0.000000,0.000000,0.000000,0.000000,0.000000,0.000000,0.000000,0.000000,0.000000,0.000000,0.000000
